{
    "firstName": "Aufa",
    "lastName": "Muhammad",
    "gender": "male",
    "age": 20,
    "address": {
        "streetAddress": "Api-Api",
        "city": "Pekalongan",
        "state": "Central Java"
    },
    "courses": [
        {
            "code": "CCK3IAB2",
            "name": "TATA TULIS ILMIAH"
        },
        {
            "code": "CCK3KAB3",
            "name": "MANAJEMEN KONFIGURASI DAN EVOLUSI PERANGKAT LUNAK"
        },
        {
            "code": "CCK2KAB4",
            "name": "KONSTRUKSI PERANGKAT LUNAK"
        },
        {
            "code": "CCK2JAC2",
            "name": "PROYEK TINGKAT II"
        },
        {
            "code": "CCK2KAB4",
            "name": "KONSTRUKSI PERANGKAT LUNAK"
        },
        {
            "code": "CCK2DAB3",
            "name": "PROSES PERANGKAT LUNAK"
        },
        {
            "code": "CCK1LAB3",
            "name": "DESIGN THINKING"
        },
        {
            "code": "CCK2LAB3",
            "name": "KECERDASAN BUATAN"
        }
    ]
}